"Title","Description","BiocVersion","Genome","SourceType","SourceUrl","SourceVersion","Species","TaxonomyId","Coordinate_1_based","DataProvider","Maintainer","RDataClass","DispatchClass","RDataPath"
"AlphaMissense pathogenicity scores for variants in ProteinGym","Supplementary table from Cheng et al. 2023 containing AlphaMissense pathogenicity scores for mutations found in ProteinGym DMS substitution data","3.20",NA,"RDS","https://www.science.org/doi/10.1126/science.adg7492",NA,NA,NA,TRUE,"Cheng et al. 2023","Tram Nguyen <Tram_Nguyen@hms.harvard.edu>","Data.Frame","RDS","ProteinGymR/Cheng_ProteinGym_variants.rds"
"ProteinGym deep mutational scanning (DMS) assays for substitutions","ProteinGym DMS information for 217 assays from Notin et al. 2023","3.20",NA,"RDS","https://proteingym.org/",NA,NA,NA,TRUE,"Marks Lab at Harvard Medical School","Tram Nguyen <Tram_Nguyen@hms.harvard.edu>","List","RDS","ProteinGymR/ProGym217_DMS_subs_v1.1.rds"
"ProteinGym zero-shot DMS substitution benchmarks","Zero-shot DMS substitution benchmarks from Notin et al. 2023 using Spearman, NDCG, AUC, MCC, and Top-K recall metrics","3.20",NA,"RDS","https://proteingym.org/",NA,NA,NA,TRUE,"Marks Lab at Harvard Medical School","Tram Nguyen <Tram_Nguyen@hms.harvard.edu>","List","RDS","ProteinGymR/zeroshot_DMS_subs_v1.1.rds"
"ProteinGym metadata for 217 DMS substitution assays","Reference file for ProteinGym v1.1 217 DMS assays from Notin et al. 2023","3.20",NA,"RDS","https://proteingym.org/",NA,NA,NA,TRUE,"Marks Lab at Harvard Medical School","Tram Nguyen <Tram_Nguyen@hms.harvard.edu>","Data.Frame","RDS","ProteinGymR/ref_file_217_DMS_subs_v1.1.rds"
"ProteinGym zero-shot DMS substitution benchmarks","Zero-shot DMS substitution benchmarks from Notin et al. 2023 using Spearman, NDCG, AUC, MCC, and Top-K recall metrics for 79 models","3.21",NA,"RDS","https://zenodo.org/records/14997691",1.2,NA,NA,TRUE,"Marks Lab at Harvard Medical School","Tram Nguyen <Tram_Nguyen@hms.harvard.edu>","Data.Frame","RDS","ProteinGymR/zeroshot_summary_scores_v1.2.rds"
"ProteinGym zero-shot DMS substitution scores for 79 models","Zero-shot substitution scores for 79 models across 217 DMS assays from Notin et al. 2023","3.21",NA,"RDS","https://zenodo.org/records/14997691",1.2,NA,NA,TRUE,"Marks Lab at Harvard Medical School","Tram Nguyen <Tram_Nguyen@hms.harvard.edu>","List","RDS","ProteinGymR/zeroshot_scores_v1.2.rds"
"ProteinGym semi-supervised model prediction scores for 12 models","Semi-supervised prediction scores for 12 models across 217 DMS assays with contiguous 5 variable folds from Notin et al. 2023","3.21",NA,"RDS","https://zenodo.org/records/14997691",1.2,NA,NA,TRUE,"Marks Lab at Harvard Medical School","Tram Nguyen <Tram_Nguyen@hms.harvard.edu>","List","RDS","ProteinGymR/supervised_contiguous5_scores_v1.2.rds"
"ProteinGym semi-supervised model prediction scores for 12 models","Semi-supervised prediction scores for 12 models across 217 DMS assays with modulo 5 variable folds from Notin et al. 2023","3.21",NA,"RDS","https://zenodo.org/records/14997691",1.2,NA,NA,TRUE,"Marks Lab at Harvard Medical School","Tram Nguyen <Tram_Nguyen@hms.harvard.edu>","List","RDS","ProteinGymR/supervised_modulo5_scores_v1.2.rds"
"ProteinGym semi-supervised model prediction scores for 12 models","Semi-supervised prediction scores for 12 models across 217 DMS assays with random 5 variable folds from Notin et al. 2023","3.21",NA,"RDS","https://zenodo.org/records/14997691",1.2,NA,NA,TRUE,"Marks Lab at Harvard Medical School","Tram Nguyen <Tram_Nguyen@hms.harvard.edu>","List","RDS","ProteinGymR/supervised_random5_scores_v1.2.rds"
"ProteinGym summary metrics of semi-supervised scores for 12 models","Performance metrics of 12 semi-supervised models across 217 DMS assays using 5 variable fold for contigous, modulo, and random settings from Notin et al. 2023","3.21",NA,"RDS","https://zenodo.org/records/14997691",1.2,NA,NA,TRUE,"Marks Lab at Harvard Medical School","Tram Nguyen <Tram_Nguyen@hms.harvard.edu>","Data.Frame","RDS","ProteinGymR/supervised_summary_scores_v1.2.rds"
"Protein structure for A0A140D2T1_ZIKV","AlphaFold2 predicted protein structure for A0A140D2T1_ZIKV from ProteinGym v1.2 curated by Notin et al. 2023","3.21",NA,"PDB","https://zenodo.org/records/14997691",1.2,NA,NA,TRUE,"Marks Lab at Harvard Medical School","Tram Nguyen <Tram_Nguyen@hms.harvard.edu>","Character","FilePath","ProteinGymR/A0A140D2T1_ZIKV.pdb"
"Protein structure for A0A192B1T2_9HIV1","AlphaFold2 predicted protein structure for A0A192B1T2_9HIV1 from ProteinGym v1.2 curated by Notin et al. 2023","3.21",NA,"PDB","https://zenodo.org/records/14997691",1.2,NA,NA,TRUE,"Marks Lab at Harvard Medical School","Tram Nguyen <Tram_Nguyen@hms.harvard.edu>","Character","FilePath","ProteinGymR/A0A192B1T2_9HIV1.pdb"
"Protein structure for A0A1I9GEU1_NEIME","AlphaFold2 predicted protein structure for A0A1I9GEU1_NEIME from ProteinGym v1.2 curated by Notin et al. 2023","3.21",NA,"PDB","https://zenodo.org/records/14997691",1.2,NA,NA,TRUE,"Marks Lab at Harvard Medical School","Tram Nguyen <Tram_Nguyen@hms.harvard.edu>","Character","FilePath","ProteinGymR/A0A1I9GEU1_NEIME.pdb"
"Protein structure for A0A220GHA5_9CAUD","AlphaFold2 predicted protein structure for A0A220GHA5_9CAUD from ProteinGym v1.2 curated by Notin et al. 2023","3.21",NA,"PDB","https://zenodo.org/records/14997691",1.2,NA,NA,TRUE,"Marks Lab at Harvard Medical School","Tram Nguyen <Tram_Nguyen@hms.harvard.edu>","Character","FilePath","ProteinGymR/A0A220GHA5_9CAUD.pdb"
"Protein structure for A0A247D711_LISMN","AlphaFold2 predicted protein structure for A0A247D711_LISMN from ProteinGym v1.2 curated by Notin et al. 2023","3.21",NA,"PDB","https://zenodo.org/records/14997691",1.2,NA,NA,TRUE,"Marks Lab at Harvard Medical School","Tram Nguyen <Tram_Nguyen@hms.harvard.edu>","Character","FilePath","ProteinGymR/A0A247D711_LISMN.pdb"
"Protein structure for A0A2Z5U3Z0_9INFA","AlphaFold2 predicted protein structure for A0A2Z5U3Z0_9INFA from ProteinGym v1.2 curated by Notin et al. 2023","3.21",NA,"PDB","https://zenodo.org/records/14997691",1.2,NA,NA,TRUE,"Marks Lab at Harvard Medical School","Tram Nguyen <Tram_Nguyen@hms.harvard.edu>","Character","FilePath","ProteinGymR/A0A2Z5U3Z0_9INFA.pdb"
"Protein structure for A4_HUMAN","AlphaFold2 predicted protein structure for A4_HUMAN from ProteinGym v1.2 curated by Notin et al. 2023","3.21",NA,"PDB","https://zenodo.org/records/14997691",1.2,NA,NA,TRUE,"Marks Lab at Harvard Medical School","Tram Nguyen <Tram_Nguyen@hms.harvard.edu>","Character","FilePath","ProteinGymR/A4_HUMAN.pdb"
"Protein structure for A4D664_9INFA","AlphaFold2 predicted protein structure for A4D664_9INFA from ProteinGym v1.2 curated by Notin et al. 2023","3.21",NA,"PDB","https://zenodo.org/records/14997691",1.2,NA,NA,TRUE,"Marks Lab at Harvard Medical School","Tram Nguyen <Tram_Nguyen@hms.harvard.edu>","Character","FilePath","ProteinGymR/A4D664_9INFA.pdb"
"Protein structure for A4GRB6_PSEAI","AlphaFold2 predicted protein structure for A4GRB6_PSEAI from ProteinGym v1.2 curated by Notin et al. 2023","3.21",NA,"PDB","https://zenodo.org/records/14997691",1.2,NA,NA,TRUE,"Marks Lab at Harvard Medical School","Tram Nguyen <Tram_Nguyen@hms.harvard.edu>","Character","FilePath","ProteinGymR/A4GRB6_PSEAI.pdb"
"Protein structure for AACC1_PSEAI","AlphaFold2 predicted protein structure for AACC1_PSEAI from ProteinGym v1.2 curated by Notin et al. 2023","3.21",NA,"PDB","https://zenodo.org/records/14997691",1.2,NA,NA,TRUE,"Marks Lab at Harvard Medical School","Tram Nguyen <Tram_Nguyen@hms.harvard.edu>","Character","FilePath","ProteinGymR/AACC1_PSEAI.pdb"
"Protein structure for ACE2_HUMAN","AlphaFold2 predicted protein structure for ACE2_HUMAN from ProteinGym v1.2 curated by Notin et al. 2023","3.21",NA,"PDB","https://zenodo.org/records/14997691",1.2,NA,NA,TRUE,"Marks Lab at Harvard Medical School","Tram Nguyen <Tram_Nguyen@hms.harvard.edu>","Character","FilePath","ProteinGymR/ACE2_HUMAN.pdb"
"Protein structure for ADRB2_HUMAN","AlphaFold2 predicted protein structure for ADRB2_HUMAN from ProteinGym v1.2 curated by Notin et al. 2023","3.21",NA,"PDB","https://zenodo.org/records/14997691",1.2,NA,NA,TRUE,"Marks Lab at Harvard Medical School","Tram Nguyen <Tram_Nguyen@hms.harvard.edu>","Character","FilePath","ProteinGymR/ADRB2_HUMAN.pdb"
"Protein structure for AICDA_HUMAN","AlphaFold2 predicted protein structure for AICDA_HUMAN from ProteinGym v1.2 curated by Notin et al. 2023","3.21",NA,"PDB","https://zenodo.org/records/14997691",1.2,NA,NA,TRUE,"Marks Lab at Harvard Medical School","Tram Nguyen <Tram_Nguyen@hms.harvard.edu>","Character","FilePath","ProteinGymR/AICDA_HUMAN.pdb"
"Protein structure for AMFR_HUMAN","AlphaFold2 predicted protein structure for AMFR_HUMAN from ProteinGym v1.2 curated by Notin et al. 2023","3.21",NA,"PDB","https://zenodo.org/records/14997691",1.2,NA,NA,TRUE,"Marks Lab at Harvard Medical School","Tram Nguyen <Tram_Nguyen@hms.harvard.edu>","Character","FilePath","ProteinGymR/AMFR_HUMAN.pdb"
"Protein structure for AMIE_PSEAE","AlphaFold2 predicted protein structure for AMIE_PSEAE from ProteinGym v1.2 curated by Notin et al. 2023","3.21",NA,"PDB","https://zenodo.org/records/14997691",1.2,NA,NA,TRUE,"Marks Lab at Harvard Medical School","Tram Nguyen <Tram_Nguyen@hms.harvard.edu>","Character","FilePath","ProteinGymR/AMIE_PSEAE.pdb"
"Protein structure for ANCSZ","AlphaFold2 predicted protein structure for ANCSZ from ProteinGym v1.2 curated by Notin et al. 2023","3.21",NA,"PDB","https://zenodo.org/records/14997691",1.2,NA,NA,TRUE,"Marks Lab at Harvard Medical School","Tram Nguyen <Tram_Nguyen@hms.harvard.edu>","Character","FilePath","ProteinGymR/ANCSZ.pdb"
"Protein structure for ARGR_ECOLI","AlphaFold2 predicted protein structure for ARGR_ECOLI from ProteinGym v1.2 curated by Notin et al. 2023","3.21",NA,"PDB","https://zenodo.org/records/14997691",1.2,NA,NA,TRUE,"Marks Lab at Harvard Medical School","Tram Nguyen <Tram_Nguyen@hms.harvard.edu>","Character","FilePath","ProteinGymR/ARGR_ECOLI.pdb"
"Protein structure for B1LPA6_ECOSM","AlphaFold2 predicted protein structure for B1LPA6_ECOSM from ProteinGym v1.2 curated by Notin et al. 2023","3.21",NA,"PDB","https://zenodo.org/records/14997691",1.2,NA,NA,TRUE,"Marks Lab at Harvard Medical School","Tram Nguyen <Tram_Nguyen@hms.harvard.edu>","Character","FilePath","ProteinGymR/B1LPA6_ECOSM.pdb"
"Protein structure for B2L11_HUMAN","AlphaFold2 predicted protein structure for B2L11_HUMAN from ProteinGym v1.2 curated by Notin et al. 2023","3.21",NA,"PDB","https://zenodo.org/records/14997691",1.2,NA,NA,TRUE,"Marks Lab at Harvard Medical School","Tram Nguyen <Tram_Nguyen@hms.harvard.edu>","Character","FilePath","ProteinGymR/B2L11_HUMAN.pdb"
"Protein structure for BAC7","AlphaFold2 predicted protein structure for BAC7 from ProteinGym v1.2 curated by Notin et al. 2023","3.21",NA,"PDB","https://zenodo.org/records/14997691",1.2,NA,NA,TRUE,"Marks Lab at Harvard Medical School","Tram Nguyen <Tram_Nguyen@hms.harvard.edu>","Character","FilePath","ProteinGymR/BAC7.pdb"
"Protein structure for BBC1_YEAST","AlphaFold2 predicted protein structure for BBC1_YEAST from ProteinGym v1.2 curated by Notin et al. 2023","3.21",NA,"PDB","https://zenodo.org/records/14997691",1.2,NA,NA,TRUE,"Marks Lab at Harvard Medical School","Tram Nguyen <Tram_Nguyen@hms.harvard.edu>","Character","FilePath","ProteinGymR/BBC1_YEAST.pdb"
"Protein structure for BCHB_CHLTE","AlphaFold2 predicted protein structure for BCHB_CHLTE from ProteinGym v1.2 curated by Notin et al. 2023","3.21",NA,"PDB","https://zenodo.org/records/14997691",1.2,NA,NA,TRUE,"Marks Lab at Harvard Medical School","Tram Nguyen <Tram_Nguyen@hms.harvard.edu>","Character","FilePath","ProteinGymR/BCHB_CHLTE.pdb"
"Protein structure for BLAT_ECOLX","AlphaFold2 predicted protein structure for BLAT_ECOLX from ProteinGym v1.2 curated by Notin et al. 2023","3.21",NA,"PDB","https://zenodo.org/records/14997691",1.2,NA,NA,TRUE,"Marks Lab at Harvard Medical School","Tram Nguyen <Tram_Nguyen@hms.harvard.edu>","Character","FilePath","ProteinGymR/BLAT_ECOLX.pdb"
"Protein structure for BRCA1_HUMAN","AlphaFold2 predicted protein structure for BRCA1_HUMAN from ProteinGym v1.2 curated by Notin et al. 2023","3.21",NA,"PDB","https://zenodo.org/records/14997691",1.2,NA,NA,TRUE,"Marks Lab at Harvard Medical School","Tram Nguyen <Tram_Nguyen@hms.harvard.edu>","Character","FilePath","ProteinGymR/BRCA1_HUMAN.pdb"
"Protein structure for BRCA2_HUMAN_1-1000","AlphaFold2 predicted protein structure for BRCA2_HUMAN_1-1000 from ProteinGym v1.2 curated by Notin et al. 2023","3.21",NA,"PDB","https://zenodo.org/records/14997691",1.2,NA,NA,TRUE,"Marks Lab at Harvard Medical School","Tram Nguyen <Tram_Nguyen@hms.harvard.edu>","Character","FilePath","ProteinGymR/BRCA2_HUMAN_1-1000.pdb"
"Protein structure for BRCA2_HUMAN_1001-2085","AlphaFold2 predicted protein structure for BRCA2_HUMAN_1001-2085 from ProteinGym v1.2 curated by Notin et al. 2023","3.21",NA,"PDB","https://zenodo.org/records/14997691",1.2,NA,NA,TRUE,"Marks Lab at Harvard Medical School","Tram Nguyen <Tram_Nguyen@hms.harvard.edu>","Character","FilePath","ProteinGymR/BRCA2_HUMAN_1001-2085.pdb"
"Protein structure for BRCA2_HUMAN_2086-2832","AlphaFold2 predicted protein structure for BRCA2_HUMAN_2086-2832 from ProteinGym v1.2 curated by Notin et al. 2023","3.21",NA,"PDB","https://zenodo.org/records/14997691",1.2,NA,NA,TRUE,"Marks Lab at Harvard Medical School","Tram Nguyen <Tram_Nguyen@hms.harvard.edu>","Character","FilePath","ProteinGymR/BRCA2_HUMAN_2086-2832.pdb"
"Protein structure for BRCA2_HUMAN","AlphaFold2 predicted protein structure for BRCA2_HUMAN from ProteinGym v1.2 curated by Notin et al. 2023","3.21",NA,"PDB","https://zenodo.org/records/14997691",1.2,NA,NA,TRUE,"Marks Lab at Harvard Medical School","Tram Nguyen <Tram_Nguyen@hms.harvard.edu>","Character","FilePath","ProteinGymR/BRCA2_HUMAN.pdb"
"Protein structure for C6KNH7_9INFA","AlphaFold2 predicted protein structure for C6KNH7_9INFA from ProteinGym v1.2 curated by Notin et al. 2023","3.21",NA,"PDB","https://zenodo.org/records/14997691",1.2,NA,NA,TRUE,"Marks Lab at Harvard Medical School","Tram Nguyen <Tram_Nguyen@hms.harvard.edu>","Character","FilePath","ProteinGymR/C6KNH7_9INFA.pdb"
"Protein structure for CALM1_HUMAN","AlphaFold2 predicted protein structure for CALM1_HUMAN from ProteinGym v1.2 curated by Notin et al. 2023","3.21",NA,"PDB","https://zenodo.org/records/14997691",1.2,NA,NA,TRUE,"Marks Lab at Harvard Medical School","Tram Nguyen <Tram_Nguyen@hms.harvard.edu>","Character","FilePath","ProteinGymR/CALM1_HUMAN.pdb"
"Protein structure for CAPSD_AAV2S","AlphaFold2 predicted protein structure for CAPSD_AAV2S from ProteinGym v1.2 curated by Notin et al. 2023","3.21",NA,"PDB","https://zenodo.org/records/14997691",1.2,NA,NA,TRUE,"Marks Lab at Harvard Medical School","Tram Nguyen <Tram_Nguyen@hms.harvard.edu>","Character","FilePath","ProteinGymR/CAPSD_AAV2S.pdb"
"Protein structure for CAPSD_BPMS2","AlphaFold2 predicted protein structure for CAPSD_BPMS2 from ProteinGym v1.2 curated by Notin et al. 2023","3.21",NA,"PDB","https://zenodo.org/records/14997691",1.2,NA,NA,TRUE,"Marks Lab at Harvard Medical School","Tram Nguyen <Tram_Nguyen@hms.harvard.edu>","Character","FilePath","ProteinGymR/CAPSD_BPMS2.pdb"
"Protein structure for CAR11_HUMAN","AlphaFold2 predicted protein structure for CAR11_HUMAN from ProteinGym v1.2 curated by Notin et al. 2023","3.21",NA,"PDB","https://zenodo.org/records/14997691",1.2,NA,NA,TRUE,"Marks Lab at Harvard Medical School","Tram Nguyen <Tram_Nguyen@hms.harvard.edu>","Character","FilePath","ProteinGymR/CAR11_HUMAN.pdb"
"Protein structure for CAS9_STRP1","AlphaFold2 predicted protein structure for CAS9_STRP1 from ProteinGym v1.2 curated by Notin et al. 2023","3.21",NA,"PDB","https://zenodo.org/records/14997691",1.2,NA,NA,TRUE,"Marks Lab at Harvard Medical School","Tram Nguyen <Tram_Nguyen@hms.harvard.edu>","Character","FilePath","ProteinGymR/CAS9_STRP1.pdb"
"Protein structure for CASP3_HUMAN","AlphaFold2 predicted protein structure for CASP3_HUMAN from ProteinGym v1.2 curated by Notin et al. 2023","3.21",NA,"PDB","https://zenodo.org/records/14997691",1.2,NA,NA,TRUE,"Marks Lab at Harvard Medical School","Tram Nguyen <Tram_Nguyen@hms.harvard.edu>","Character","FilePath","ProteinGymR/CASP3_HUMAN.pdb"
"Protein structure for CASP7_HUMAN","AlphaFold2 predicted protein structure for CASP7_HUMAN from ProteinGym v1.2 curated by Notin et al. 2023","3.21",NA,"PDB","https://zenodo.org/records/14997691",1.2,NA,NA,TRUE,"Marks Lab at Harvard Medical School","Tram Nguyen <Tram_Nguyen@hms.harvard.edu>","Character","FilePath","ProteinGymR/CASP7_HUMAN.pdb"
"Protein structure for CATR_CHLRE","AlphaFold2 predicted protein structure for CATR_CHLRE from ProteinGym v1.2 curated by Notin et al. 2023","3.21",NA,"PDB","https://zenodo.org/records/14997691",1.2,NA,NA,TRUE,"Marks Lab at Harvard Medical School","Tram Nguyen <Tram_Nguyen@hms.harvard.edu>","Character","FilePath","ProteinGymR/CATR_CHLRE.pdb"
"Protein structure for CBPA2_HUMAN","AlphaFold2 predicted protein structure for CBPA2_HUMAN from ProteinGym v1.2 curated by Notin et al. 2023","3.21",NA,"PDB","https://zenodo.org/records/14997691",1.2,NA,NA,TRUE,"Marks Lab at Harvard Medical School","Tram Nguyen <Tram_Nguyen@hms.harvard.edu>","Character","FilePath","ProteinGymR/CBPA2_HUMAN.pdb"
"Protein structure for CBS_HUMAN","AlphaFold2 predicted protein structure for CBS_HUMAN from ProteinGym v1.2 curated by Notin et al. 2023","3.21",NA,"PDB","https://zenodo.org/records/14997691",1.2,NA,NA,TRUE,"Marks Lab at Harvard Medical School","Tram Nguyen <Tram_Nguyen@hms.harvard.edu>","Character","FilePath","ProteinGymR/CBS_HUMAN.pdb"
"Protein structure for CBX4_HUMAN","AlphaFold2 predicted protein structure for CBX4_HUMAN from ProteinGym v1.2 curated by Notin et al. 2023","3.21",NA,"PDB","https://zenodo.org/records/14997691",1.2,NA,NA,TRUE,"Marks Lab at Harvard Medical School","Tram Nguyen <Tram_Nguyen@hms.harvard.edu>","Character","FilePath","ProteinGymR/CBX4_HUMAN.pdb"
"Protein structure for CCDB_ECOLI","AlphaFold2 predicted protein structure for CCDB_ECOLI from ProteinGym v1.2 curated by Notin et al. 2023","3.21",NA,"PDB","https://zenodo.org/records/14997691",1.2,NA,NA,TRUE,"Marks Lab at Harvard Medical School","Tram Nguyen <Tram_Nguyen@hms.harvard.edu>","Character","FilePath","ProteinGymR/CCDB_ECOLI.pdb"
"Protein structure for CCR5_HUMAN","AlphaFold2 predicted protein structure for CCR5_HUMAN from ProteinGym v1.2 curated by Notin et al. 2023","3.21",NA,"PDB","https://zenodo.org/records/14997691",1.2,NA,NA,TRUE,"Marks Lab at Harvard Medical School","Tram Nguyen <Tram_Nguyen@hms.harvard.edu>","Character","FilePath","ProteinGymR/CCR5_HUMAN.pdb"
"Protein structure for CD19_HUMAN","AlphaFold2 predicted protein structure for CD19_HUMAN from ProteinGym v1.2 curated by Notin et al. 2023","3.21",NA,"PDB","https://zenodo.org/records/14997691",1.2,NA,NA,TRUE,"Marks Lab at Harvard Medical School","Tram Nguyen <Tram_Nguyen@hms.harvard.edu>","Character","FilePath","ProteinGymR/CD19_HUMAN.pdb"
"Protein structure for CP2C9_HUMAN","AlphaFold2 predicted protein structure for CP2C9_HUMAN from ProteinGym v1.2 curated by Notin et al. 2023","3.21",NA,"PDB","https://zenodo.org/records/14997691",1.2,NA,NA,TRUE,"Marks Lab at Harvard Medical School","Tram Nguyen <Tram_Nguyen@hms.harvard.edu>","Character","FilePath","ProteinGymR/CP2C9_HUMAN.pdb"
"Protein structure for CSN4_MOUSE","AlphaFold2 predicted protein structure for CSN4_MOUSE from ProteinGym v1.2 curated by Notin et al. 2023","3.21",NA,"PDB","https://zenodo.org/records/14997691",1.2,NA,NA,TRUE,"Marks Lab at Harvard Medical School","Tram Nguyen <Tram_Nguyen@hms.harvard.edu>","Character","FilePath","ProteinGymR/CSN4_MOUSE.pdb"
"Protein structure for CUE1_YEAST","AlphaFold2 predicted protein structure for CUE1_YEAST from ProteinGym v1.2 curated by Notin et al. 2023","3.21",NA,"PDB","https://zenodo.org/records/14997691",1.2,NA,NA,TRUE,"Marks Lab at Harvard Medical School","Tram Nguyen <Tram_Nguyen@hms.harvard.edu>","Character","FilePath","ProteinGymR/CUE1_YEAST.pdb"
"Protein structure for D7PM05_CLYGR","AlphaFold2 predicted protein structure for D7PM05_CLYGR from ProteinGym v1.2 curated by Notin et al. 2023","3.21",NA,"PDB","https://zenodo.org/records/14997691",1.2,NA,NA,TRUE,"Marks Lab at Harvard Medical School","Tram Nguyen <Tram_Nguyen@hms.harvard.edu>","Character","FilePath","ProteinGymR/D7PM05_CLYGR.pdb"
"Protein structure for DLG4_HUMAN","AlphaFold2 predicted protein structure for DLG4_HUMAN from ProteinGym v1.2 curated by Notin et al. 2023","3.21",NA,"PDB","https://zenodo.org/records/14997691",1.2,NA,NA,TRUE,"Marks Lab at Harvard Medical School","Tram Nguyen <Tram_Nguyen@hms.harvard.edu>","Character","FilePath","ProteinGymR/DLG4_HUMAN.pdb"
"Protein structure for DLG4_RAT","AlphaFold2 predicted protein structure for DLG4_RAT from ProteinGym v1.2 curated by Notin et al. 2023","3.21",NA,"PDB","https://zenodo.org/records/14997691",1.2,NA,NA,TRUE,"Marks Lab at Harvard Medical School","Tram Nguyen <Tram_Nguyen@hms.harvard.edu>","Character","FilePath","ProteinGymR/DLG4_RAT.pdb"
"Protein structure for DN7A_SACS2","AlphaFold2 predicted protein structure for DN7A_SACS2 from ProteinGym v1.2 curated by Notin et al. 2023","3.21",NA,"PDB","https://zenodo.org/records/14997691",1.2,NA,NA,TRUE,"Marks Lab at Harvard Medical School","Tram Nguyen <Tram_Nguyen@hms.harvard.edu>","Character","FilePath","ProteinGymR/DN7A_SACS2.pdb"
"Protein structure for DNJA1_HUMAN","AlphaFold2 predicted protein structure for DNJA1_HUMAN from ProteinGym v1.2 curated by Notin et al. 2023","3.21",NA,"PDB","https://zenodo.org/records/14997691",1.2,NA,NA,TRUE,"Marks Lab at Harvard Medical School","Tram Nguyen <Tram_Nguyen@hms.harvard.edu>","Character","FilePath","ProteinGymR/DNJA1_HUMAN.pdb"
"Protein structure for DOCK1_MOUSE","AlphaFold2 predicted protein structure for DOCK1_MOUSE from ProteinGym v1.2 curated by Notin et al. 2023","3.21",NA,"PDB","https://zenodo.org/records/14997691",1.2,NA,NA,TRUE,"Marks Lab at Harvard Medical School","Tram Nguyen <Tram_Nguyen@hms.harvard.edu>","Character","FilePath","ProteinGymR/DOCK1_MOUSE.pdb"
"Protein structure for DYR_ECOLI","AlphaFold2 predicted protein structure for DYR_ECOLI from ProteinGym v1.2 curated by Notin et al. 2023","3.21",NA,"PDB","https://zenodo.org/records/14997691",1.2,NA,NA,TRUE,"Marks Lab at Harvard Medical School","Tram Nguyen <Tram_Nguyen@hms.harvard.edu>","Character","FilePath","ProteinGymR/DYR_ECOLI.pdb"
"Protein structure for ENV_HV1B9","AlphaFold2 predicted protein structure for ENV_HV1B9 from ProteinGym v1.2 curated by Notin et al. 2023","3.21",NA,"PDB","https://zenodo.org/records/14997691",1.2,NA,NA,TRUE,"Marks Lab at Harvard Medical School","Tram Nguyen <Tram_Nguyen@hms.harvard.edu>","Character","FilePath","ProteinGymR/ENV_HV1B9.pdb"
"Protein structure for ENV_HV1BR","AlphaFold2 predicted protein structure for ENV_HV1BR from ProteinGym v1.2 curated by Notin et al. 2023","3.21",NA,"PDB","https://zenodo.org/records/14997691",1.2,NA,NA,TRUE,"Marks Lab at Harvard Medical School","Tram Nguyen <Tram_Nguyen@hms.harvard.edu>","Character","FilePath","ProteinGymR/ENV_HV1BR.pdb"
"Protein structure for ENVZ_ECOLI","AlphaFold2 predicted protein structure for ENVZ_ECOLI from ProteinGym v1.2 curated by Notin et al. 2023","3.21",NA,"PDB","https://zenodo.org/records/14997691",1.2,NA,NA,TRUE,"Marks Lab at Harvard Medical School","Tram Nguyen <Tram_Nguyen@hms.harvard.edu>","Character","FilePath","ProteinGymR/ENVZ_ECOLI.pdb"
"Protein structure for EPHB2_HUMAN","AlphaFold2 predicted protein structure for EPHB2_HUMAN from ProteinGym v1.2 curated by Notin et al. 2023","3.21",NA,"PDB","https://zenodo.org/records/14997691",1.2,NA,NA,TRUE,"Marks Lab at Harvard Medical School","Tram Nguyen <Tram_Nguyen@hms.harvard.edu>","Character","FilePath","ProteinGymR/EPHB2_HUMAN.pdb"
"Protein structure for ERBB2_HUMAN","AlphaFold2 predicted protein structure for ERBB2_HUMAN from ProteinGym v1.2 curated by Notin et al. 2023","3.21",NA,"PDB","https://zenodo.org/records/14997691",1.2,NA,NA,TRUE,"Marks Lab at Harvard Medical School","Tram Nguyen <Tram_Nguyen@hms.harvard.edu>","Character","FilePath","ProteinGymR/ERBB2_HUMAN.pdb"
"Protein structure for ESTA_BACSU","AlphaFold2 predicted protein structure for ESTA_BACSU from ProteinGym v1.2 curated by Notin et al. 2023","3.21",NA,"PDB","https://zenodo.org/records/14997691",1.2,NA,NA,TRUE,"Marks Lab at Harvard Medical School","Tram Nguyen <Tram_Nguyen@hms.harvard.edu>","Character","FilePath","ProteinGymR/ESTA_BACSU.pdb"
"Protein structure for F7YBW8_MESOW","AlphaFold2 predicted protein structure for F7YBW8_MESOW from ProteinGym v1.2 curated by Notin et al. 2023","3.21",NA,"PDB","https://zenodo.org/records/14997691",1.2,NA,NA,TRUE,"Marks Lab at Harvard Medical School","Tram Nguyen <Tram_Nguyen@hms.harvard.edu>","Character","FilePath","ProteinGymR/F7YBW8_MESOW.pdb"
"Protein structure for FECA_ECOLI","AlphaFold2 predicted protein structure for FECA_ECOLI from ProteinGym v1.2 curated by Notin et al. 2023","3.21",NA,"PDB","https://zenodo.org/records/14997691",1.2,NA,NA,TRUE,"Marks Lab at Harvard Medical School","Tram Nguyen <Tram_Nguyen@hms.harvard.edu>","Character","FilePath","ProteinGymR/FECA_ECOLI.pdb"
"Protein structure for FKBP3_HUMAN","AlphaFold2 predicted protein structure for FKBP3_HUMAN from ProteinGym v1.2 curated by Notin et al. 2023","3.21",NA,"PDB","https://zenodo.org/records/14997691",1.2,NA,NA,TRUE,"Marks Lab at Harvard Medical School","Tram Nguyen <Tram_Nguyen@hms.harvard.edu>","Character","FilePath","ProteinGymR/FKBP3_HUMAN.pdb"
"Protein structure for GAL4_YEAST","AlphaFold2 predicted protein structure for GAL4_YEAST from ProteinGym v1.2 curated by Notin et al. 2023","3.21",NA,"PDB","https://zenodo.org/records/14997691",1.2,NA,NA,TRUE,"Marks Lab at Harvard Medical School","Tram Nguyen <Tram_Nguyen@hms.harvard.edu>","Character","FilePath","ProteinGymR/GAL4_YEAST.pdb"
"Protein structure for GCN4_YEAST","AlphaFold2 predicted protein structure for GCN4_YEAST from ProteinGym v1.2 curated by Notin et al. 2023","3.21",NA,"PDB","https://zenodo.org/records/14997691",1.2,NA,NA,TRUE,"Marks Lab at Harvard Medical School","Tram Nguyen <Tram_Nguyen@hms.harvard.edu>","Character","FilePath","ProteinGymR/GCN4_YEAST.pdb"
"Protein structure for GDIA_HUMAN","AlphaFold2 predicted protein structure for GDIA_HUMAN from ProteinGym v1.2 curated by Notin et al. 2023","3.21",NA,"PDB","https://zenodo.org/records/14997691",1.2,NA,NA,TRUE,"Marks Lab at Harvard Medical School","Tram Nguyen <Tram_Nguyen@hms.harvard.edu>","Character","FilePath","ProteinGymR/GDIA_HUMAN.pdb"
"Protein structure for GFP_AEQVI","AlphaFold2 predicted protein structure for GFP_AEQVI from ProteinGym v1.2 curated by Notin et al. 2023","3.21",NA,"PDB","https://zenodo.org/records/14997691",1.2,NA,NA,TRUE,"Marks Lab at Harvard Medical School","Tram Nguyen <Tram_Nguyen@hms.harvard.edu>","Character","FilePath","ProteinGymR/GFP_AEQVI.pdb"
"Protein structure for GLPA_HUMAN","AlphaFold2 predicted protein structure for GLPA_HUMAN from ProteinGym v1.2 curated by Notin et al. 2023","3.21",NA,"PDB","https://zenodo.org/records/14997691",1.2,NA,NA,TRUE,"Marks Lab at Harvard Medical School","Tram Nguyen <Tram_Nguyen@hms.harvard.edu>","Character","FilePath","ProteinGymR/GLPA_HUMAN.pdb"
"Protein structure for GRB2_HUMAN","AlphaFold2 predicted protein structure for GRB2_HUMAN from ProteinGym v1.2 curated by Notin et al. 2023","3.21",NA,"PDB","https://zenodo.org/records/14997691",1.2,NA,NA,TRUE,"Marks Lab at Harvard Medical School","Tram Nguyen <Tram_Nguyen@hms.harvard.edu>","Character","FilePath","ProteinGymR/GRB2_HUMAN.pdb"
"Protein structure for HCP_LAMBD","AlphaFold2 predicted protein structure for HCP_LAMBD from ProteinGym v1.2 curated by Notin et al. 2023","3.21",NA,"PDB","https://zenodo.org/records/14997691",1.2,NA,NA,TRUE,"Marks Lab at Harvard Medical School","Tram Nguyen <Tram_Nguyen@hms.harvard.edu>","Character","FilePath","ProteinGymR/HCP_LAMBD.pdb"
"Protein structure for HECD1_HUMAN","AlphaFold2 predicted protein structure for HECD1_HUMAN from ProteinGym v1.2 curated by Notin et al. 2023","3.21",NA,"PDB","https://zenodo.org/records/14997691",1.2,NA,NA,TRUE,"Marks Lab at Harvard Medical School","Tram Nguyen <Tram_Nguyen@hms.harvard.edu>","Character","FilePath","ProteinGymR/HECD1_HUMAN.pdb"
"Protein structure for HEM3_HUMAN","AlphaFold2 predicted protein structure for HEM3_HUMAN from ProteinGym v1.2 curated by Notin et al. 2023","3.21",NA,"PDB","https://zenodo.org/records/14997691",1.2,NA,NA,TRUE,"Marks Lab at Harvard Medical School","Tram Nguyen <Tram_Nguyen@hms.harvard.edu>","Character","FilePath","ProteinGymR/HEM3_HUMAN.pdb"
"Protein structure for HIS7_YEAST","AlphaFold2 predicted protein structure for HIS7_YEAST from ProteinGym v1.2 curated by Notin et al. 2023","3.21",NA,"PDB","https://zenodo.org/records/14997691",1.2,NA,NA,TRUE,"Marks Lab at Harvard Medical School","Tram Nguyen <Tram_Nguyen@hms.harvard.edu>","Character","FilePath","ProteinGymR/HIS7_YEAST.pdb"
"Protein structure for HMDH_HUMAN","AlphaFold2 predicted protein structure for HMDH_HUMAN from ProteinGym v1.2 curated by Notin et al. 2023","3.21",NA,"PDB","https://zenodo.org/records/14997691",1.2,NA,NA,TRUE,"Marks Lab at Harvard Medical School","Tram Nguyen <Tram_Nguyen@hms.harvard.edu>","Character","FilePath","ProteinGymR/HMDH_HUMAN.pdb"
"Protein structure for HSP82_YEAST","AlphaFold2 predicted protein structure for HSP82_YEAST from ProteinGym v1.2 curated by Notin et al. 2023","3.21",NA,"PDB","https://zenodo.org/records/14997691",1.2,NA,NA,TRUE,"Marks Lab at Harvard Medical School","Tram Nguyen <Tram_Nguyen@hms.harvard.edu>","Character","FilePath","ProteinGymR/HSP82_YEAST.pdb"
"Protein structure for HXK4_HUMAN","AlphaFold2 predicted protein structure for HXK4_HUMAN from ProteinGym v1.2 curated by Notin et al. 2023","3.21",NA,"PDB","https://zenodo.org/records/14997691",1.2,NA,NA,TRUE,"Marks Lab at Harvard Medical School","Tram Nguyen <Tram_Nguyen@hms.harvard.edu>","Character","FilePath","ProteinGymR/HXK4_HUMAN.pdb"
"Protein structure for I6TAH8_I68A0","AlphaFold2 predicted protein structure for I6TAH8_I68A0 from ProteinGym v1.2 curated by Notin et al. 2023","3.21",NA,"PDB","https://zenodo.org/records/14997691",1.2,NA,NA,TRUE,"Marks Lab at Harvard Medical School","Tram Nguyen <Tram_Nguyen@hms.harvard.edu>","Character","FilePath","ProteinGymR/I6TAH8_I68A0.pdb"
"Protein structure for IF1_ECOLI","AlphaFold2 predicted protein structure for IF1_ECOLI from ProteinGym v1.2 curated by Notin et al. 2023","3.21",NA,"PDB","https://zenodo.org/records/14997691",1.2,NA,NA,TRUE,"Marks Lab at Harvard Medical School","Tram Nguyen <Tram_Nguyen@hms.harvard.edu>","Character","FilePath","ProteinGymR/IF1_ECOLI.pdb"
"Protein structure for ILF3_HUMAN","AlphaFold2 predicted protein structure for ILF3_HUMAN from ProteinGym v1.2 curated by Notin et al. 2023","3.21",NA,"PDB","https://zenodo.org/records/14997691",1.2,NA,NA,TRUE,"Marks Lab at Harvard Medical School","Tram Nguyen <Tram_Nguyen@hms.harvard.edu>","Character","FilePath","ProteinGymR/ILF3_HUMAN.pdb"
"Protein structure for ISDH_STAAW","AlphaFold2 predicted protein structure for ISDH_STAAW from ProteinGym v1.2 curated by Notin et al. 2023","3.21",NA,"PDB","https://zenodo.org/records/14997691",1.2,NA,NA,TRUE,"Marks Lab at Harvard Medical School","Tram Nguyen <Tram_Nguyen@hms.harvard.edu>","Character","FilePath","ProteinGymR/ISDH_STAAW.pdb"
"Protein structure for KCNE1_HUMAN","AlphaFold2 predicted protein structure for KCNE1_HUMAN from ProteinGym v1.2 curated by Notin et al. 2023","3.21",NA,"PDB","https://zenodo.org/records/14997691",1.2,NA,NA,TRUE,"Marks Lab at Harvard Medical School","Tram Nguyen <Tram_Nguyen@hms.harvard.edu>","Character","FilePath","ProteinGymR/KCNE1_HUMAN.pdb"
"Protein structure for KCNH2_HUMAN","AlphaFold2 predicted protein structure for KCNH2_HUMAN from ProteinGym v1.2 curated by Notin et al. 2023","3.21",NA,"PDB","https://zenodo.org/records/14997691",1.2,NA,NA,TRUE,"Marks Lab at Harvard Medical School","Tram Nguyen <Tram_Nguyen@hms.harvard.edu>","Character","FilePath","ProteinGymR/KCNH2_HUMAN.pdb"
"Protein structure for KCNJ2_HUMAN","AlphaFold2 predicted protein structure for KCNJ2_HUMAN from ProteinGym v1.2 curated by Notin et al. 2023","3.21",NA,"PDB","https://zenodo.org/records/14997691",1.2,NA,NA,TRUE,"Marks Lab at Harvard Medical School","Tram Nguyen <Tram_Nguyen@hms.harvard.edu>","Character","FilePath","ProteinGymR/KCNJ2_HUMAN.pdb"
"Protein structure for KCNJ2_MOUSE","AlphaFold2 predicted protein structure for KCNJ2_MOUSE from ProteinGym v1.2 curated by Notin et al. 2023","3.21",NA,"PDB","https://zenodo.org/records/14997691",1.2,NA,NA,TRUE,"Marks Lab at Harvard Medical School","Tram Nguyen <Tram_Nguyen@hms.harvard.edu>","Character","FilePath","ProteinGymR/KCNJ2_MOUSE.pdb"
"Protein structure for KKA2_KLEPN","AlphaFold2 predicted protein structure for KKA2_KLEPN from ProteinGym v1.2 curated by Notin et al. 2023","3.21",NA,"PDB","https://zenodo.org/records/14997691",1.2,NA,NA,TRUE,"Marks Lab at Harvard Medical School","Tram Nguyen <Tram_Nguyen@hms.harvard.edu>","Character","FilePath","ProteinGymR/KKA2_KLEPN.pdb"
"Protein structure for LGK_LIPST","AlphaFold2 predicted protein structure for LGK_LIPST from ProteinGym v1.2 curated by Notin et al. 2023","3.21",NA,"PDB","https://zenodo.org/records/14997691",1.2,NA,NA,TRUE,"Marks Lab at Harvard Medical School","Tram Nguyen <Tram_Nguyen@hms.harvard.edu>","Character","FilePath","ProteinGymR/LGK_LIPST.pdb"
"Protein structure for LYAM1_HUMAN","AlphaFold2 predicted protein structure for LYAM1_HUMAN from ProteinGym v1.2 curated by Notin et al. 2023","3.21",NA,"PDB","https://zenodo.org/records/14997691",1.2,NA,NA,TRUE,"Marks Lab at Harvard Medical School","Tram Nguyen <Tram_Nguyen@hms.harvard.edu>","Character","FilePath","ProteinGymR/LYAM1_HUMAN.pdb"
"Protein structure for MAFG_MOUSE","AlphaFold2 predicted protein structure for MAFG_MOUSE from ProteinGym v1.2 curated by Notin et al. 2023","3.21",NA,"PDB","https://zenodo.org/records/14997691",1.2,NA,NA,TRUE,"Marks Lab at Harvard Medical School","Tram Nguyen <Tram_Nguyen@hms.harvard.edu>","Character","FilePath","ProteinGymR/MAFG_MOUSE.pdb"
"Protein structure for MBD11_ARATH","AlphaFold2 predicted protein structure for MBD11_ARATH from ProteinGym v1.2 curated by Notin et al. 2023","3.21",NA,"PDB","https://zenodo.org/records/14997691",1.2,NA,NA,TRUE,"Marks Lab at Harvard Medical School","Tram Nguyen <Tram_Nguyen@hms.harvard.edu>","Character","FilePath","ProteinGymR/MBD11_ARATH.pdb"
"Protein structure for MET_HUMAN","AlphaFold2 predicted protein structure for MET_HUMAN from ProteinGym v1.2 curated by Notin et al. 2023","3.21",NA,"PDB","https://zenodo.org/records/14997691",1.2,NA,NA,TRUE,"Marks Lab at Harvard Medical School","Tram Nguyen <Tram_Nguyen@hms.harvard.edu>","Character","FilePath","ProteinGymR/MET_HUMAN.pdb"
"Protein structure for MK01_HUMAN","AlphaFold2 predicted protein structure for MK01_HUMAN from ProteinGym v1.2 curated by Notin et al. 2023","3.21",NA,"PDB","https://zenodo.org/records/14997691",1.2,NA,NA,TRUE,"Marks Lab at Harvard Medical School","Tram Nguyen <Tram_Nguyen@hms.harvard.edu>","Character","FilePath","ProteinGymR/MK01_HUMAN.pdb"
"Protein structure for MLAC_ECOLI","AlphaFold2 predicted protein structure for MLAC_ECOLI from ProteinGym v1.2 curated by Notin et al. 2023","3.21",NA,"PDB","https://zenodo.org/records/14997691",1.2,NA,NA,TRUE,"Marks Lab at Harvard Medical School","Tram Nguyen <Tram_Nguyen@hms.harvard.edu>","Character","FilePath","ProteinGymR/MLAC_ECOLI.pdb"
"Protein structure for MSH2_HUMAN","AlphaFold2 predicted protein structure for MSH2_HUMAN from ProteinGym v1.2 curated by Notin et al. 2023","3.21",NA,"PDB","https://zenodo.org/records/14997691",1.2,NA,NA,TRUE,"Marks Lab at Harvard Medical School","Tram Nguyen <Tram_Nguyen@hms.harvard.edu>","Character","FilePath","ProteinGymR/MSH2_HUMAN.pdb"
"Protein structure for MTH3_HAEAE","AlphaFold2 predicted protein structure for MTH3_HAEAE from ProteinGym v1.2 curated by Notin et al. 2023","3.21",NA,"PDB","https://zenodo.org/records/14997691",1.2,NA,NA,TRUE,"Marks Lab at Harvard Medical School","Tram Nguyen <Tram_Nguyen@hms.harvard.edu>","Character","FilePath","ProteinGymR/MTH3_HAEAE.pdb"
"Protein structure for MTHR_HUMAN","AlphaFold2 predicted protein structure for MTHR_HUMAN from ProteinGym v1.2 curated by Notin et al. 2023","3.21",NA,"PDB","https://zenodo.org/records/14997691",1.2,NA,NA,TRUE,"Marks Lab at Harvard Medical School","Tram Nguyen <Tram_Nguyen@hms.harvard.edu>","Character","FilePath","ProteinGymR/MTHR_HUMAN.pdb"
"Protein structure for MYO3_YEAST","AlphaFold2 predicted protein structure for MYO3_YEAST from ProteinGym v1.2 curated by Notin et al. 2023","3.21",NA,"PDB","https://zenodo.org/records/14997691",1.2,NA,NA,TRUE,"Marks Lab at Harvard Medical School","Tram Nguyen <Tram_Nguyen@hms.harvard.edu>","Character","FilePath","ProteinGymR/MYO3_YEAST.pdb"
"Protein structure for NCAP_I34A1","AlphaFold2 predicted protein structure for NCAP_I34A1 from ProteinGym v1.2 curated by Notin et al. 2023","3.21",NA,"PDB","https://zenodo.org/records/14997691",1.2,NA,NA,TRUE,"Marks Lab at Harvard Medical School","Tram Nguyen <Tram_Nguyen@hms.harvard.edu>","Character","FilePath","ProteinGymR/NCAP_I34A1.pdb"
"Protein structure for NKX31_HUMAN","AlphaFold2 predicted protein structure for NKX31_HUMAN from ProteinGym v1.2 curated by Notin et al. 2023","3.21",NA,"PDB","https://zenodo.org/records/14997691",1.2,NA,NA,TRUE,"Marks Lab at Harvard Medical School","Tram Nguyen <Tram_Nguyen@hms.harvard.edu>","Character","FilePath","ProteinGymR/NKX31_HUMAN.pdb"
"Protein structure for NPC1_HUMAN","AlphaFold2 predicted protein structure for NPC1_HUMAN from ProteinGym v1.2 curated by Notin et al. 2023","3.21",NA,"PDB","https://zenodo.org/records/14997691",1.2,NA,NA,TRUE,"Marks Lab at Harvard Medical School","Tram Nguyen <Tram_Nguyen@hms.harvard.edu>","Character","FilePath","ProteinGymR/NPC1_HUMAN.pdb"
"Protein structure for NRAM_I33A0","AlphaFold2 predicted protein structure for NRAM_I33A0 from ProteinGym v1.2 curated by Notin et al. 2023","3.21",NA,"PDB","https://zenodo.org/records/14997691",1.2,NA,NA,TRUE,"Marks Lab at Harvard Medical School","Tram Nguyen <Tram_Nguyen@hms.harvard.edu>","Character","FilePath","ProteinGymR/NRAM_I33A0.pdb"
"Protein structure for NUD15_HUMAN","AlphaFold2 predicted protein structure for NUD15_HUMAN from ProteinGym v1.2 curated by Notin et al. 2023","3.21",NA,"PDB","https://zenodo.org/records/14997691",1.2,NA,NA,TRUE,"Marks Lab at Harvard Medical School","Tram Nguyen <Tram_Nguyen@hms.harvard.edu>","Character","FilePath","ProteinGymR/NUD15_HUMAN.pdb"
"Protein structure for NUSA_ECOLI","AlphaFold2 predicted protein structure for NUSA_ECOLI from ProteinGym v1.2 curated by Notin et al. 2023","3.21",NA,"PDB","https://zenodo.org/records/14997691",1.2,NA,NA,TRUE,"Marks Lab at Harvard Medical School","Tram Nguyen <Tram_Nguyen@hms.harvard.edu>","Character","FilePath","ProteinGymR/NUSA_ECOLI.pdb"
"Protein structure for NUSG_MYCTU","AlphaFold2 predicted protein structure for NUSG_MYCTU from ProteinGym v1.2 curated by Notin et al. 2023","3.21",NA,"PDB","https://zenodo.org/records/14997691",1.2,NA,NA,TRUE,"Marks Lab at Harvard Medical School","Tram Nguyen <Tram_Nguyen@hms.harvard.edu>","Character","FilePath","ProteinGymR/NUSG_MYCTU.pdb"
"Protein structure for OBSCN_HUMAN","AlphaFold2 predicted protein structure for OBSCN_HUMAN from ProteinGym v1.2 curated by Notin et al. 2023","3.21",NA,"PDB","https://zenodo.org/records/14997691",1.2,NA,NA,TRUE,"Marks Lab at Harvard Medical School","Tram Nguyen <Tram_Nguyen@hms.harvard.edu>","Character","FilePath","ProteinGymR/OBSCN_HUMAN.pdb"
"Protein structure for ODP2_GEOSE","AlphaFold2 predicted protein structure for ODP2_GEOSE from ProteinGym v1.2 curated by Notin et al. 2023","3.21",NA,"PDB","https://zenodo.org/records/14997691",1.2,NA,NA,TRUE,"Marks Lab at Harvard Medical School","Tram Nguyen <Tram_Nguyen@hms.harvard.edu>","Character","FilePath","ProteinGymR/ODP2_GEOSE.pdb"
"Protein structure for OPSD_HUMAN","AlphaFold2 predicted protein structure for OPSD_HUMAN from ProteinGym v1.2 curated by Notin et al. 2023","3.21",NA,"PDB","https://zenodo.org/records/14997691",1.2,NA,NA,TRUE,"Marks Lab at Harvard Medical School","Tram Nguyen <Tram_Nguyen@hms.harvard.edu>","Character","FilePath","ProteinGymR/OPSD_HUMAN.pdb"
"Protein structure for OTC_HUMAN","AlphaFold2 predicted protein structure for OTC_HUMAN from ProteinGym v1.2 curated by Notin et al. 2023","3.21",NA,"PDB","https://zenodo.org/records/14997691",1.2,NA,NA,TRUE,"Marks Lab at Harvard Medical School","Tram Nguyen <Tram_Nguyen@hms.harvard.edu>","Character","FilePath","ProteinGymR/OTC_HUMAN.pdb"
"Protein structure for OTU7A_HUMAN","AlphaFold2 predicted protein structure for OTU7A_HUMAN from ProteinGym v1.2 curated by Notin et al. 2023","3.21",NA,"PDB","https://zenodo.org/records/14997691",1.2,NA,NA,TRUE,"Marks Lab at Harvard Medical School","Tram Nguyen <Tram_Nguyen@hms.harvard.edu>","Character","FilePath","ProteinGymR/OTU7A_HUMAN.pdb"
"Protein structure for OXDA_RHOTO","AlphaFold2 predicted protein structure for OXDA_RHOTO from ProteinGym v1.2 curated by Notin et al. 2023","3.21",NA,"PDB","https://zenodo.org/records/14997691",1.2,NA,NA,TRUE,"Marks Lab at Harvard Medical School","Tram Nguyen <Tram_Nguyen@hms.harvard.edu>","Character","FilePath","ProteinGymR/OXDA_RHOTO.pdb"
"Protein structure for P53_HUMAN","AlphaFold2 predicted protein structure for P53_HUMAN from ProteinGym v1.2 curated by Notin et al. 2023","3.21",NA,"PDB","https://zenodo.org/records/14997691",1.2,NA,NA,TRUE,"Marks Lab at Harvard Medical School","Tram Nguyen <Tram_Nguyen@hms.harvard.edu>","Character","FilePath","ProteinGymR/P53_HUMAN.pdb"
"Protein structure for P84126_THETH","AlphaFold2 predicted protein structure for P84126_THETH from ProteinGym v1.2 curated by Notin et al. 2023","3.21",NA,"PDB","https://zenodo.org/records/14997691",1.2,NA,NA,TRUE,"Marks Lab at Harvard Medical School","Tram Nguyen <Tram_Nguyen@hms.harvard.edu>","Character","FilePath","ProteinGymR/P84126_THETH.pdb"
"Protein structure for PA_I34A1","AlphaFold2 predicted protein structure for PA_I34A1 from ProteinGym v1.2 curated by Notin et al. 2023","3.21",NA,"PDB","https://zenodo.org/records/14997691",1.2,NA,NA,TRUE,"Marks Lab at Harvard Medical School","Tram Nguyen <Tram_Nguyen@hms.harvard.edu>","Character","FilePath","ProteinGymR/PA_I34A1.pdb"
"Protein structure for PABP_YEAST","AlphaFold2 predicted protein structure for PABP_YEAST from ProteinGym v1.2 curated by Notin et al. 2023","3.21",NA,"PDB","https://zenodo.org/records/14997691",1.2,NA,NA,TRUE,"Marks Lab at Harvard Medical School","Tram Nguyen <Tram_Nguyen@hms.harvard.edu>","Character","FilePath","ProteinGymR/PABP_YEAST.pdb"
"Protein structure for PAI1_HUMAN","AlphaFold2 predicted protein structure for PAI1_HUMAN from ProteinGym v1.2 curated by Notin et al. 2023","3.21",NA,"PDB","https://zenodo.org/records/14997691",1.2,NA,NA,TRUE,"Marks Lab at Harvard Medical School","Tram Nguyen <Tram_Nguyen@hms.harvard.edu>","Character","FilePath","ProteinGymR/PAI1_HUMAN.pdb"
"Protein structure for PARE_ECOLX","AlphaFold2 predicted protein structure for PARE_ECOLX from ProteinGym v1.2 curated by Notin et al. 2023","3.21",NA,"PDB","https://zenodo.org/records/14997691",1.2,NA,NA,TRUE,"Marks Lab at Harvard Medical School","Tram Nguyen <Tram_Nguyen@hms.harvard.edu>","Character","FilePath","ProteinGymR/PARE_ECOLX.pdb"
"Protein structure for PHOT_CHLRE","AlphaFold2 predicted protein structure for PHOT_CHLRE from ProteinGym v1.2 curated by Notin et al. 2023","3.21",NA,"PDB","https://zenodo.org/records/14997691",1.2,NA,NA,TRUE,"Marks Lab at Harvard Medical School","Tram Nguyen <Tram_Nguyen@hms.harvard.edu>","Character","FilePath","ProteinGymR/PHOT_CHLRE.pdb"
"Protein structure for PIN1_HUMAN","AlphaFold2 predicted protein structure for PIN1_HUMAN from ProteinGym v1.2 curated by Notin et al. 2023","3.21",NA,"PDB","https://zenodo.org/records/14997691",1.2,NA,NA,TRUE,"Marks Lab at Harvard Medical School","Tram Nguyen <Tram_Nguyen@hms.harvard.edu>","Character","FilePath","ProteinGymR/PIN1_HUMAN.pdb"
"Protein structure for PITX2_HUMAN","AlphaFold2 predicted protein structure for PITX2_HUMAN from ProteinGym v1.2 curated by Notin et al. 2023","3.21",NA,"PDB","https://zenodo.org/records/14997691",1.2,NA,NA,TRUE,"Marks Lab at Harvard Medical School","Tram Nguyen <Tram_Nguyen@hms.harvard.edu>","Character","FilePath","ProteinGymR/PITX2_HUMAN.pdb"
"Protein structure for PKN1_HUMAN","AlphaFold2 predicted protein structure for PKN1_HUMAN from ProteinGym v1.2 curated by Notin et al. 2023","3.21",NA,"PDB","https://zenodo.org/records/14997691",1.2,NA,NA,TRUE,"Marks Lab at Harvard Medical School","Tram Nguyen <Tram_Nguyen@hms.harvard.edu>","Character","FilePath","ProteinGymR/PKN1_HUMAN.pdb"
"Protein structure for POLG_CXB3N","AlphaFold2 predicted protein structure for POLG_CXB3N from ProteinGym v1.2 curated by Notin et al. 2023","3.21",NA,"PDB","https://zenodo.org/records/14997691",1.2,NA,NA,TRUE,"Marks Lab at Harvard Medical School","Tram Nguyen <Tram_Nguyen@hms.harvard.edu>","Character","FilePath","ProteinGymR/POLG_CXB3N.pdb"
"Protein structure for POLG_DEN26","AlphaFold2 predicted protein structure for POLG_DEN26 from ProteinGym v1.2 curated by Notin et al. 2023","3.21",NA,"PDB","https://zenodo.org/records/14997691",1.2,NA,NA,TRUE,"Marks Lab at Harvard Medical School","Tram Nguyen <Tram_Nguyen@hms.harvard.edu>","Character","FilePath","ProteinGymR/POLG_DEN26.pdb"
"Protein structure for POLG_HCVJF","AlphaFold2 predicted protein structure for POLG_HCVJF from ProteinGym v1.2 curated by Notin et al. 2023","3.21",NA,"PDB","https://zenodo.org/records/14997691",1.2,NA,NA,TRUE,"Marks Lab at Harvard Medical School","Tram Nguyen <Tram_Nguyen@hms.harvard.edu>","Character","FilePath","ProteinGymR/POLG_HCVJF.pdb"
"Protein structure for POLG_PESV","AlphaFold2 predicted protein structure for POLG_PESV from ProteinGym v1.2 curated by Notin et al. 2023","3.21",NA,"PDB","https://zenodo.org/records/14997691",1.2,NA,NA,TRUE,"Marks Lab at Harvard Medical School","Tram Nguyen <Tram_Nguyen@hms.harvard.edu>","Character","FilePath","ProteinGymR/POLG_PESV.pdb"
"Protein structure for PPARG_HUMAN","AlphaFold2 predicted protein structure for PPARG_HUMAN from ProteinGym v1.2 curated by Notin et al. 2023","3.21",NA,"PDB","https://zenodo.org/records/14997691",1.2,NA,NA,TRUE,"Marks Lab at Harvard Medical School","Tram Nguyen <Tram_Nguyen@hms.harvard.edu>","Character","FilePath","ProteinGymR/PPARG_HUMAN.pdb"
"Protein structure for PPM1D_HUMAN","AlphaFold2 predicted protein structure for PPM1D_HUMAN from ProteinGym v1.2 curated by Notin et al. 2023","3.21",NA,"PDB","https://zenodo.org/records/14997691",1.2,NA,NA,TRUE,"Marks Lab at Harvard Medical School","Tram Nguyen <Tram_Nguyen@hms.harvard.edu>","Character","FilePath","ProteinGymR/PPM1D_HUMAN.pdb"
"Protein structure for PR40A_HUMAN","AlphaFold2 predicted protein structure for PR40A_HUMAN from ProteinGym v1.2 curated by Notin et al. 2023","3.21",NA,"PDB","https://zenodo.org/records/14997691",1.2,NA,NA,TRUE,"Marks Lab at Harvard Medical School","Tram Nguyen <Tram_Nguyen@hms.harvard.edu>","Character","FilePath","ProteinGymR/PR40A_HUMAN.pdb"
"Protein structure for PRKN_HUMAN","AlphaFold2 predicted protein structure for PRKN_HUMAN from ProteinGym v1.2 curated by Notin et al. 2023","3.21",NA,"PDB","https://zenodo.org/records/14997691",1.2,NA,NA,TRUE,"Marks Lab at Harvard Medical School","Tram Nguyen <Tram_Nguyen@hms.harvard.edu>","Character","FilePath","ProteinGymR/PRKN_HUMAN.pdb"
"Protein structure for PSAE_PICP2","AlphaFold2 predicted protein structure for PSAE_PICP2 from ProteinGym v1.2 curated by Notin et al. 2023","3.21",NA,"PDB","https://zenodo.org/records/14997691",1.2,NA,NA,TRUE,"Marks Lab at Harvard Medical School","Tram Nguyen <Tram_Nguyen@hms.harvard.edu>","Character","FilePath","ProteinGymR/PSAE_PICP2.pdb"
"Protein structure for PTEN_HUMAN","AlphaFold2 predicted protein structure for PTEN_HUMAN from ProteinGym v1.2 curated by Notin et al. 2023","3.21",NA,"PDB","https://zenodo.org/records/14997691",1.2,NA,NA,TRUE,"Marks Lab at Harvard Medical School","Tram Nguyen <Tram_Nguyen@hms.harvard.edu>","Character","FilePath","ProteinGymR/PTEN_HUMAN.pdb"
"Protein structure for Q2N0S5_9HIV1","AlphaFold2 predicted protein structure for Q2N0S5_9HIV1 from ProteinGym v1.2 curated by Notin et al. 2023","3.21",NA,"PDB","https://zenodo.org/records/14997691",1.2,NA,NA,TRUE,"Marks Lab at Harvard Medical School","Tram Nguyen <Tram_Nguyen@hms.harvard.edu>","Character","FilePath","ProteinGymR/Q2N0S5_9HIV1.pdb"
"Protein structure for Q53Z42_HUMAN","AlphaFold2 predicted protein structure for Q53Z42_HUMAN from ProteinGym v1.2 curated by Notin et al. 2023","3.21",NA,"PDB","https://zenodo.org/records/14997691",1.2,NA,NA,TRUE,"Marks Lab at Harvard Medical School","Tram Nguyen <Tram_Nguyen@hms.harvard.edu>","Character","FilePath","ProteinGymR/Q53Z42_HUMAN.pdb"
"Protein structure for Q59976_STRSQ","AlphaFold2 predicted protein structure for Q59976_STRSQ from ProteinGym v1.2 curated by Notin et al. 2023","3.21",NA,"PDB","https://zenodo.org/records/14997691",1.2,NA,NA,TRUE,"Marks Lab at Harvard Medical School","Tram Nguyen <Tram_Nguyen@hms.harvard.edu>","Character","FilePath","ProteinGymR/Q59976_STRSQ.pdb"
"Protein structure for Q6WV12_9MAXI","AlphaFold2 predicted protein structure for Q6WV12_9MAXI from ProteinGym v1.2 curated by Notin et al. 2023","3.21",NA,"PDB","https://zenodo.org/records/14997691",1.2,NA,NA,TRUE,"Marks Lab at Harvard Medical School","Tram Nguyen <Tram_Nguyen@hms.harvard.edu>","Character","FilePath","ProteinGymR/Q6WV12_9MAXI.pdb"
"Protein structure for Q837P4_ENTFA","AlphaFold2 predicted protein structure for Q837P4_ENTFA from ProteinGym v1.2 curated by Notin et al. 2023","3.21",NA,"PDB","https://zenodo.org/records/14997691",1.2,NA,NA,TRUE,"Marks Lab at Harvard Medical School","Tram Nguyen <Tram_Nguyen@hms.harvard.edu>","Character","FilePath","ProteinGymR/Q837P4_ENTFA.pdb"
"Protein structure for Q837P5_ENTFA","AlphaFold2 predicted protein structure for Q837P5_ENTFA from ProteinGym v1.2 curated by Notin et al. 2023","3.21",NA,"PDB","https://zenodo.org/records/14997691",1.2,NA,NA,TRUE,"Marks Lab at Harvard Medical School","Tram Nguyen <Tram_Nguyen@hms.harvard.edu>","Character","FilePath","ProteinGymR/Q837P5_ENTFA.pdb"
"Protein structure for Q8EG35","AlphaFold2 predicted protein structure for Q8EG35 from ProteinGym v1.2 curated by Notin et al. 2023","3.21",NA,"PDB","https://zenodo.org/records/14997691",1.2,NA,NA,TRUE,"Marks Lab at Harvard Medical School","Tram Nguyen <Tram_Nguyen@hms.harvard.edu>","Character","FilePath","ProteinGymR/Q8EG35.pdb"
"Protein structure for Q8WTC7_9CNID","AlphaFold2 predicted protein structure for Q8WTC7_9CNID from ProteinGym v1.2 curated by Notin et al. 2023","3.21",NA,"PDB","https://zenodo.org/records/14997691",1.2,NA,NA,TRUE,"Marks Lab at Harvard Medical School","Tram Nguyen <Tram_Nguyen@hms.harvard.edu>","Character","FilePath","ProteinGymR/Q8WTC7_9CNID.pdb"
"Protein structure for R1AB_SARS2","AlphaFold2 predicted protein structure for R1AB_SARS2 from ProteinGym v1.2 curated by Notin et al. 2023","3.21",NA,"PDB","https://zenodo.org/records/14997691",1.2,NA,NA,TRUE,"Marks Lab at Harvard Medical School","Tram Nguyen <Tram_Nguyen@hms.harvard.edu>","Character","FilePath","ProteinGymR/R1AB_SARS2.pdb"
"Protein structure for RAD_ANTMA","AlphaFold2 predicted protein structure for RAD_ANTMA from ProteinGym v1.2 curated by Notin et al. 2023","3.21",NA,"PDB","https://zenodo.org/records/14997691",1.2,NA,NA,TRUE,"Marks Lab at Harvard Medical School","Tram Nguyen <Tram_Nguyen@hms.harvard.edu>","Character","FilePath","ProteinGymR/RAD_ANTMA.pdb"
"Protein structure for RAF1_HUMAN","AlphaFold2 predicted protein structure for RAF1_HUMAN from ProteinGym v1.2 curated by Notin et al. 2023","3.21",NA,"PDB","https://zenodo.org/records/14997691",1.2,NA,NA,TRUE,"Marks Lab at Harvard Medical School","Tram Nguyen <Tram_Nguyen@hms.harvard.edu>","Character","FilePath","ProteinGymR/RAF1_HUMAN.pdb"
"Protein structure for RASH_HUMAN","AlphaFold2 predicted protein structure for RASH_HUMAN from ProteinGym v1.2 curated by Notin et al. 2023","3.21",NA,"PDB","https://zenodo.org/records/14997691",1.2,NA,NA,TRUE,"Marks Lab at Harvard Medical School","Tram Nguyen <Tram_Nguyen@hms.harvard.edu>","Character","FilePath","ProteinGymR/RASH_HUMAN.pdb"
"Protein structure for RASK_HUMAN","AlphaFold2 predicted protein structure for RASK_HUMAN from ProteinGym v1.2 curated by Notin et al. 2023","3.21",NA,"PDB","https://zenodo.org/records/14997691",1.2,NA,NA,TRUE,"Marks Lab at Harvard Medical School","Tram Nguyen <Tram_Nguyen@hms.harvard.edu>","Character","FilePath","ProteinGymR/RASK_HUMAN.pdb"
"Protein structure for RBP1_HUMAN","AlphaFold2 predicted protein structure for RBP1_HUMAN from ProteinGym v1.2 curated by Notin et al. 2023","3.21",NA,"PDB","https://zenodo.org/records/14997691",1.2,NA,NA,TRUE,"Marks Lab at Harvard Medical School","Tram Nguyen <Tram_Nguyen@hms.harvard.edu>","Character","FilePath","ProteinGymR/RBP1_HUMAN.pdb"
"Protein structure for RCD1_ARATH","AlphaFold2 predicted protein structure for RCD1_ARATH from ProteinGym v1.2 curated by Notin et al. 2023","3.21",NA,"PDB","https://zenodo.org/records/14997691",1.2,NA,NA,TRUE,"Marks Lab at Harvard Medical School","Tram Nguyen <Tram_Nguyen@hms.harvard.edu>","Character","FilePath","ProteinGymR/RCD1_ARATH.pdb"
"Protein structure for RCRO_LAMBD","AlphaFold2 predicted protein structure for RCRO_LAMBD from ProteinGym v1.2 curated by Notin et al. 2023","3.21",NA,"PDB","https://zenodo.org/records/14997691",1.2,NA,NA,TRUE,"Marks Lab at Harvard Medical School","Tram Nguyen <Tram_Nguyen@hms.harvard.edu>","Character","FilePath","ProteinGymR/RCRO_LAMBD.pdb"
"Protein structure for RD23A_HUMAN","AlphaFold2 predicted protein structure for RD23A_HUMAN from ProteinGym v1.2 curated by Notin et al. 2023","3.21",NA,"PDB","https://zenodo.org/records/14997691",1.2,NA,NA,TRUE,"Marks Lab at Harvard Medical School","Tram Nguyen <Tram_Nguyen@hms.harvard.edu>","Character","FilePath","ProteinGymR/RD23A_HUMAN.pdb"
"Protein structure for RDRP_I33A0","AlphaFold2 predicted protein structure for RDRP_I33A0 from ProteinGym v1.2 curated by Notin et al. 2023","3.21",NA,"PDB","https://zenodo.org/records/14997691",1.2,NA,NA,TRUE,"Marks Lab at Harvard Medical School","Tram Nguyen <Tram_Nguyen@hms.harvard.edu>","Character","FilePath","ProteinGymR/RDRP_I33A0.pdb"
"Protein structure for REV_HV1H2","AlphaFold2 predicted protein structure for REV_HV1H2 from ProteinGym v1.2 curated by Notin et al. 2023","3.21",NA,"PDB","https://zenodo.org/records/14997691",1.2,NA,NA,TRUE,"Marks Lab at Harvard Medical School","Tram Nguyen <Tram_Nguyen@hms.harvard.edu>","Character","FilePath","ProteinGymR/REV_HV1H2.pdb"
"Protein structure for RFAH_ECOLI","AlphaFold2 predicted protein structure for RFAH_ECOLI from ProteinGym v1.2 curated by Notin et al. 2023","3.21",NA,"PDB","https://zenodo.org/records/14997691",1.2,NA,NA,TRUE,"Marks Lab at Harvard Medical School","Tram Nguyen <Tram_Nguyen@hms.harvard.edu>","Character","FilePath","ProteinGymR/RFAH_ECOLI.pdb"
"Protein structure for RL20_AQUAE","AlphaFold2 predicted protein structure for RL20_AQUAE from ProteinGym v1.2 curated by Notin et al. 2023","3.21",NA,"PDB","https://zenodo.org/records/14997691",1.2,NA,NA,TRUE,"Marks Lab at Harvard Medical School","Tram Nguyen <Tram_Nguyen@hms.harvard.edu>","Character","FilePath","ProteinGymR/RL20_AQUAE.pdb"
"Protein structure for RL40A_YEAST","AlphaFold2 predicted protein structure for RL40A_YEAST from ProteinGym v1.2 curated by Notin et al. 2023","3.21",NA,"PDB","https://zenodo.org/records/14997691",1.2,NA,NA,TRUE,"Marks Lab at Harvard Medical School","Tram Nguyen <Tram_Nguyen@hms.harvard.edu>","Character","FilePath","ProteinGymR/RL40A_YEAST.pdb"
"Protein structure for RNC_ECOLI","AlphaFold2 predicted protein structure for RNC_ECOLI from ProteinGym v1.2 curated by Notin et al. 2023","3.21",NA,"PDB","https://zenodo.org/records/14997691",1.2,NA,NA,TRUE,"Marks Lab at Harvard Medical School","Tram Nguyen <Tram_Nguyen@hms.harvard.edu>","Character","FilePath","ProteinGymR/RNC_ECOLI.pdb"
"Protein structure for RPC1_BP434","AlphaFold2 predicted protein structure for RPC1_BP434 from ProteinGym v1.2 curated by Notin et al. 2023","3.21",NA,"PDB","https://zenodo.org/records/14997691",1.2,NA,NA,TRUE,"Marks Lab at Harvard Medical School","Tram Nguyen <Tram_Nguyen@hms.harvard.edu>","Character","FilePath","ProteinGymR/RPC1_BP434.pdb"
"Protein structure for RPC1_LAMBD","AlphaFold2 predicted protein structure for RPC1_LAMBD from ProteinGym v1.2 curated by Notin et al. 2023","3.21",NA,"PDB","https://zenodo.org/records/14997691",1.2,NA,NA,TRUE,"Marks Lab at Harvard Medical School","Tram Nguyen <Tram_Nguyen@hms.harvard.edu>","Character","FilePath","ProteinGymR/RPC1_LAMBD.pdb"
"Protein structure for RS15_GEOSE","AlphaFold2 predicted protein structure for RS15_GEOSE from ProteinGym v1.2 curated by Notin et al. 2023","3.21",NA,"PDB","https://zenodo.org/records/14997691",1.2,NA,NA,TRUE,"Marks Lab at Harvard Medical School","Tram Nguyen <Tram_Nguyen@hms.harvard.edu>","Character","FilePath","ProteinGymR/RS15_GEOSE.pdb"
"Protein structure for S22A1_HUMAN","AlphaFold2 predicted protein structure for S22A1_HUMAN from ProteinGym v1.2 curated by Notin et al. 2023","3.21",NA,"PDB","https://zenodo.org/records/14997691",1.2,NA,NA,TRUE,"Marks Lab at Harvard Medical School","Tram Nguyen <Tram_Nguyen@hms.harvard.edu>","Character","FilePath","ProteinGymR/S22A1_HUMAN.pdb"
"Protein structure for SAV1_MOUSE","AlphaFold2 predicted protein structure for SAV1_MOUSE from ProteinGym v1.2 curated by Notin et al. 2023","3.21",NA,"PDB","https://zenodo.org/records/14997691",1.2,NA,NA,TRUE,"Marks Lab at Harvard Medical School","Tram Nguyen <Tram_Nguyen@hms.harvard.edu>","Character","FilePath","ProteinGymR/SAV1_MOUSE.pdb"
"Protein structure for SBI_STAAM","AlphaFold2 predicted protein structure for SBI_STAAM from ProteinGym v1.2 curated by Notin et al. 2023","3.21",NA,"PDB","https://zenodo.org/records/14997691",1.2,NA,NA,TRUE,"Marks Lab at Harvard Medical School","Tram Nguyen <Tram_Nguyen@hms.harvard.edu>","Character","FilePath","ProteinGymR/SBI_STAAM.pdb"
"Protein structure for SC6A4_HUMAN","AlphaFold2 predicted protein structure for SC6A4_HUMAN from ProteinGym v1.2 curated by Notin et al. 2023","3.21",NA,"PDB","https://zenodo.org/records/14997691",1.2,NA,NA,TRUE,"Marks Lab at Harvard Medical School","Tram Nguyen <Tram_Nguyen@hms.harvard.edu>","Character","FilePath","ProteinGymR/SC6A4_HUMAN.pdb"
"Protein structure for SCIN_STAAR","AlphaFold2 predicted protein structure for SCIN_STAAR from ProteinGym v1.2 curated by Notin et al. 2023","3.21",NA,"PDB","https://zenodo.org/records/14997691",1.2,NA,NA,TRUE,"Marks Lab at Harvard Medical School","Tram Nguyen <Tram_Nguyen@hms.harvard.edu>","Character","FilePath","ProteinGymR/SCIN_STAAR.pdb"
"Protein structure for SCN5A_HUMAN","AlphaFold2 predicted protein structure for SCN5A_HUMAN from ProteinGym v1.2 curated by Notin et al. 2023","3.21",NA,"PDB","https://zenodo.org/records/14997691",1.2,NA,NA,TRUE,"Marks Lab at Harvard Medical School","Tram Nguyen <Tram_Nguyen@hms.harvard.edu>","Character","FilePath","ProteinGymR/SCN5A_HUMAN.pdb"
"Protein structure for SDA_BACSU","AlphaFold2 predicted protein structure for SDA_BACSU from ProteinGym v1.2 curated by Notin et al. 2023","3.21",NA,"PDB","https://zenodo.org/records/14997691",1.2,NA,NA,TRUE,"Marks Lab at Harvard Medical School","Tram Nguyen <Tram_Nguyen@hms.harvard.edu>","Character","FilePath","ProteinGymR/SDA_BACSU.pdb"
"Protein structure for SERC_HUMAN","AlphaFold2 predicted protein structure for SERC_HUMAN from ProteinGym v1.2 curated by Notin et al. 2023","3.21",NA,"PDB","https://zenodo.org/records/14997691",1.2,NA,NA,TRUE,"Marks Lab at Harvard Medical School","Tram Nguyen <Tram_Nguyen@hms.harvard.edu>","Character","FilePath","ProteinGymR/SERC_HUMAN.pdb"
"Protein structure for SHOC2_HUMAN","AlphaFold2 predicted protein structure for SHOC2_HUMAN from ProteinGym v1.2 curated by Notin et al. 2023","3.21",NA,"PDB","https://zenodo.org/records/14997691",1.2,NA,NA,TRUE,"Marks Lab at Harvard Medical School","Tram Nguyen <Tram_Nguyen@hms.harvard.edu>","Character","FilePath","ProteinGymR/SHOC2_HUMAN.pdb"
"Protein structure for SOX2_MOUSE","AlphaFold2 predicted protein structure for SOX2_MOUSE from ProteinGym v1.2 curated by Notin et al. 2023","3.21",NA,"PDB","https://zenodo.org/records/14997691",1.2,NA,NA,TRUE,"Marks Lab at Harvard Medical School","Tram Nguyen <Tram_Nguyen@hms.harvard.edu>","Character","FilePath","ProteinGymR/SOX2_MOUSE.pdb"
"Protein structure for SOX30_HUMAN","AlphaFold2 predicted protein structure for SOX30_HUMAN from ProteinGym v1.2 curated by Notin et al. 2023","3.21",NA,"PDB","https://zenodo.org/records/14997691",1.2,NA,NA,TRUE,"Marks Lab at Harvard Medical School","Tram Nguyen <Tram_Nguyen@hms.harvard.edu>","Character","FilePath","ProteinGymR/SOX30_HUMAN.pdb"
"Protein structure for SPA_STAAU","AlphaFold2 predicted protein structure for SPA_STAAU from ProteinGym v1.2 curated by Notin et al. 2023","3.21",NA,"PDB","https://zenodo.org/records/14997691",1.2,NA,NA,TRUE,"Marks Lab at Harvard Medical School","Tram Nguyen <Tram_Nguyen@hms.harvard.edu>","Character","FilePath","ProteinGymR/SPA_STAAU.pdb"
"Protein structure for SPG1_STRSG","AlphaFold2 predicted protein structure for SPG1_STRSG from ProteinGym v1.2 curated by Notin et al. 2023","3.21",NA,"PDB","https://zenodo.org/records/14997691",1.2,NA,NA,TRUE,"Marks Lab at Harvard Medical School","Tram Nguyen <Tram_Nguyen@hms.harvard.edu>","Character","FilePath","ProteinGymR/SPG1_STRSG.pdb"
"Protein structure for SPG2_STRSG","AlphaFold2 predicted protein structure for SPG2_STRSG from ProteinGym v1.2 curated by Notin et al. 2023","3.21",NA,"PDB","https://zenodo.org/records/14997691",1.2,NA,NA,TRUE,"Marks Lab at Harvard Medical School","Tram Nguyen <Tram_Nguyen@hms.harvard.edu>","Character","FilePath","ProteinGymR/SPG2_STRSG.pdb"
"Protein structure for SPIKE_SARS2","AlphaFold2 predicted protein structure for SPIKE_SARS2 from ProteinGym v1.2 curated by Notin et al. 2023","3.21",NA,"PDB","https://zenodo.org/records/14997691",1.2,NA,NA,TRUE,"Marks Lab at Harvard Medical School","Tram Nguyen <Tram_Nguyen@hms.harvard.edu>","Character","FilePath","ProteinGymR/SPIKE_SARS2.pdb"
"Protein structure for SPTN1_CHICK","AlphaFold2 predicted protein structure for SPTN1_CHICK from ProteinGym v1.2 curated by Notin et al. 2023","3.21",NA,"PDB","https://zenodo.org/records/14997691",1.2,NA,NA,TRUE,"Marks Lab at Harvard Medical School","Tram Nguyen <Tram_Nguyen@hms.harvard.edu>","Character","FilePath","ProteinGymR/SPTN1_CHICK.pdb"
"Protein structure for SQSTM_MOUSE","AlphaFold2 predicted protein structure for SQSTM_MOUSE from ProteinGym v1.2 curated by Notin et al. 2023","3.21",NA,"PDB","https://zenodo.org/records/14997691",1.2,NA,NA,TRUE,"Marks Lab at Harvard Medical School","Tram Nguyen <Tram_Nguyen@hms.harvard.edu>","Character","FilePath","ProteinGymR/SQSTM_MOUSE.pdb"
"Protein structure for SR43C_ARATH","AlphaFold2 predicted protein structure for SR43C_ARATH from ProteinGym v1.2 curated by Notin et al. 2023","3.21",NA,"PDB","https://zenodo.org/records/14997691",1.2,NA,NA,TRUE,"Marks Lab at Harvard Medical School","Tram Nguyen <Tram_Nguyen@hms.harvard.edu>","Character","FilePath","ProteinGymR/SR43C_ARATH.pdb"
"Protein structure for SRBS1_HUMAN","AlphaFold2 predicted protein structure for SRBS1_HUMAN from ProteinGym v1.2 curated by Notin et al. 2023","3.21",NA,"PDB","https://zenodo.org/records/14997691",1.2,NA,NA,TRUE,"Marks Lab at Harvard Medical School","Tram Nguyen <Tram_Nguyen@hms.harvard.edu>","Character","FilePath","ProteinGymR/SRBS1_HUMAN.pdb"
"Protein structure for SRC_HUMAN","AlphaFold2 predicted protein structure for SRC_HUMAN from ProteinGym v1.2 curated by Notin et al. 2023","3.21",NA,"PDB","https://zenodo.org/records/14997691",1.2,NA,NA,TRUE,"Marks Lab at Harvard Medical School","Tram Nguyen <Tram_Nguyen@hms.harvard.edu>","Character","FilePath","ProteinGymR/SRC_HUMAN.pdb"
"Protein structure for SUMO1_HUMAN","AlphaFold2 predicted protein structure for SUMO1_HUMAN from ProteinGym v1.2 curated by Notin et al. 2023","3.21",NA,"PDB","https://zenodo.org/records/14997691",1.2,NA,NA,TRUE,"Marks Lab at Harvard Medical School","Tram Nguyen <Tram_Nguyen@hms.harvard.edu>","Character","FilePath","ProteinGymR/SUMO1_HUMAN.pdb"
"Protein structure for SYUA_HUMAN","AlphaFold2 predicted protein structure for SYUA_HUMAN from ProteinGym v1.2 curated by Notin et al. 2023","3.21",NA,"PDB","https://zenodo.org/records/14997691",1.2,NA,NA,TRUE,"Marks Lab at Harvard Medical School","Tram Nguyen <Tram_Nguyen@hms.harvard.edu>","Character","FilePath","ProteinGymR/SYUA_HUMAN.pdb"
"Protein structure for TADBP_HUMAN","AlphaFold2 predicted protein structure for TADBP_HUMAN from ProteinGym v1.2 curated by Notin et al. 2023","3.21",NA,"PDB","https://zenodo.org/records/14997691",1.2,NA,NA,TRUE,"Marks Lab at Harvard Medical School","Tram Nguyen <Tram_Nguyen@hms.harvard.edu>","Character","FilePath","ProteinGymR/TADBP_HUMAN.pdb"
"Protein structure for TAT_HV1BR","AlphaFold2 predicted protein structure for TAT_HV1BR from ProteinGym v1.2 curated by Notin et al. 2023","3.21",NA,"PDB","https://zenodo.org/records/14997691",1.2,NA,NA,TRUE,"Marks Lab at Harvard Medical School","Tram Nguyen <Tram_Nguyen@hms.harvard.edu>","Character","FilePath","ProteinGymR/TAT_HV1BR.pdb"
"Protein structure for TCRG1_MOUSE","AlphaFold2 predicted protein structure for TCRG1_MOUSE from ProteinGym v1.2 curated by Notin et al. 2023","3.21",NA,"PDB","https://zenodo.org/records/14997691",1.2,NA,NA,TRUE,"Marks Lab at Harvard Medical School","Tram Nguyen <Tram_Nguyen@hms.harvard.edu>","Character","FilePath","ProteinGymR/TCRG1_MOUSE.pdb"
"Protein structure for THO1_YEAST","AlphaFold2 predicted protein structure for THO1_YEAST from ProteinGym v1.2 curated by Notin et al. 2023","3.21",NA,"PDB","https://zenodo.org/records/14997691",1.2,NA,NA,TRUE,"Marks Lab at Harvard Medical School","Tram Nguyen <Tram_Nguyen@hms.harvard.edu>","Character","FilePath","ProteinGymR/THO1_YEAST.pdb"
"Protein structure for TNKS2_HUMAN","AlphaFold2 predicted protein structure for TNKS2_HUMAN from ProteinGym v1.2 curated by Notin et al. 2023","3.21",NA,"PDB","https://zenodo.org/records/14997691",1.2,NA,NA,TRUE,"Marks Lab at Harvard Medical School","Tram Nguyen <Tram_Nguyen@hms.harvard.edu>","Character","FilePath","ProteinGymR/TNKS2_HUMAN.pdb"
"Protein structure for TPK1_HUMAN","AlphaFold2 predicted protein structure for TPK1_HUMAN from ProteinGym v1.2 curated by Notin et al. 2023","3.21",NA,"PDB","https://zenodo.org/records/14997691",1.2,NA,NA,TRUE,"Marks Lab at Harvard Medical School","Tram Nguyen <Tram_Nguyen@hms.harvard.edu>","Character","FilePath","ProteinGymR/TPK1_HUMAN.pdb"
"Protein structure for TPMT_HUMAN","AlphaFold2 predicted protein structure for TPMT_HUMAN from ProteinGym v1.2 curated by Notin et al. 2023","3.21",NA,"PDB","https://zenodo.org/records/14997691",1.2,NA,NA,TRUE,"Marks Lab at Harvard Medical School","Tram Nguyen <Tram_Nguyen@hms.harvard.edu>","Character","FilePath","ProteinGymR/TPMT_HUMAN.pdb"
"Protein structure for TPOR_HUMAN","AlphaFold2 predicted protein structure for TPOR_HUMAN from ProteinGym v1.2 curated by Notin et al. 2023","3.21",NA,"PDB","https://zenodo.org/records/14997691",1.2,NA,NA,TRUE,"Marks Lab at Harvard Medical School","Tram Nguyen <Tram_Nguyen@hms.harvard.edu>","Character","FilePath","ProteinGymR/TPOR_HUMAN.pdb"
"Protein structure for TRPC_SACS2","AlphaFold2 predicted protein structure for TRPC_SACS2 from ProteinGym v1.2 curated by Notin et al. 2023","3.21",NA,"PDB","https://zenodo.org/records/14997691",1.2,NA,NA,TRUE,"Marks Lab at Harvard Medical School","Tram Nguyen <Tram_Nguyen@hms.harvard.edu>","Character","FilePath","ProteinGymR/TRPC_SACS2.pdb"
"Protein structure for TRPC_THEMA","AlphaFold2 predicted protein structure for TRPC_THEMA from ProteinGym v1.2 curated by Notin et al. 2023","3.21",NA,"PDB","https://zenodo.org/records/14997691",1.2,NA,NA,TRUE,"Marks Lab at Harvard Medical School","Tram Nguyen <Tram_Nguyen@hms.harvard.edu>","Character","FilePath","ProteinGymR/TRPC_THEMA.pdb"
"Protein structure for UBC9_HUMAN","AlphaFold2 predicted protein structure for UBC9_HUMAN from ProteinGym v1.2 curated by Notin et al. 2023","3.21",NA,"PDB","https://zenodo.org/records/14997691",1.2,NA,NA,TRUE,"Marks Lab at Harvard Medical School","Tram Nguyen <Tram_Nguyen@hms.harvard.edu>","Character","FilePath","ProteinGymR/UBC9_HUMAN.pdb"
"Protein structure for UBE4B_HUMAN","AlphaFold2 predicted protein structure for UBE4B_HUMAN from ProteinGym v1.2 curated by Notin et al. 2023","3.21",NA,"PDB","https://zenodo.org/records/14997691",1.2,NA,NA,TRUE,"Marks Lab at Harvard Medical School","Tram Nguyen <Tram_Nguyen@hms.harvard.edu>","Character","FilePath","ProteinGymR/UBE4B_HUMAN.pdb"
"Protein structure for UBE4B_MOUSE","AlphaFold2 predicted protein structure for UBE4B_MOUSE from ProteinGym v1.2 curated by Notin et al. 2023","3.21",NA,"PDB","https://zenodo.org/records/14997691",1.2,NA,NA,TRUE,"Marks Lab at Harvard Medical School","Tram Nguyen <Tram_Nguyen@hms.harvard.edu>","Character","FilePath","ProteinGymR/UBE4B_MOUSE.pdb"
"Protein structure for UBR5_HUMAN","AlphaFold2 predicted protein structure for UBR5_HUMAN from ProteinGym v1.2 curated by Notin et al. 2023","3.21",NA,"PDB","https://zenodo.org/records/14997691",1.2,NA,NA,TRUE,"Marks Lab at Harvard Medical School","Tram Nguyen <Tram_Nguyen@hms.harvard.edu>","Character","FilePath","ProteinGymR/UBR5_HUMAN.pdb"
"Protein structure for VG08_BPP22","AlphaFold2 predicted protein structure for VG08_BPP22 from ProteinGym v1.2 curated by Notin et al. 2023","3.21",NA,"PDB","https://zenodo.org/records/14997691",1.2,NA,NA,TRUE,"Marks Lab at Harvard Medical School","Tram Nguyen <Tram_Nguyen@hms.harvard.edu>","Character","FilePath","ProteinGymR/VG08_BPP22.pdb"
"Protein structure for VILI_CHICK","AlphaFold2 predicted protein structure for VILI_CHICK from ProteinGym v1.2 curated by Notin et al. 2023","3.21",NA,"PDB","https://zenodo.org/records/14997691",1.2,NA,NA,TRUE,"Marks Lab at Harvard Medical School","Tram Nguyen <Tram_Nguyen@hms.harvard.edu>","Character","FilePath","ProteinGymR/VILI_CHICK.pdb"
"Protein structure for VKOR1_HUMAN","AlphaFold2 predicted protein structure for VKOR1_HUMAN from ProteinGym v1.2 curated by Notin et al. 2023","3.21",NA,"PDB","https://zenodo.org/records/14997691",1.2,NA,NA,TRUE,"Marks Lab at Harvard Medical School","Tram Nguyen <Tram_Nguyen@hms.harvard.edu>","Character","FilePath","ProteinGymR/VKOR1_HUMAN.pdb"
"Protein structure for VRPI_BPT7","AlphaFold2 predicted protein structure for VRPI_BPT7 from ProteinGym v1.2 curated by Notin et al. 2023","3.21",NA,"PDB","https://zenodo.org/records/14997691",1.2,NA,NA,TRUE,"Marks Lab at Harvard Medical School","Tram Nguyen <Tram_Nguyen@hms.harvard.edu>","Character","FilePath","ProteinGymR/VRPI_BPT7.pdb"
"Protein structure for YAIA_ECOLI","AlphaFold2 predicted protein structure for YAIA_ECOLI from ProteinGym v1.2 curated by Notin et al. 2023","3.21",NA,"PDB","https://zenodo.org/records/14997691",1.2,NA,NA,TRUE,"Marks Lab at Harvard Medical School","Tram Nguyen <Tram_Nguyen@hms.harvard.edu>","Character","FilePath","ProteinGymR/YAIA_ECOLI.pdb"
"Protein structure for YAP1_HUMAN","AlphaFold2 predicted protein structure for YAP1_HUMAN from ProteinGym v1.2 curated by Notin et al. 2023","3.21",NA,"PDB","https://zenodo.org/records/14997691",1.2,NA,NA,TRUE,"Marks Lab at Harvard Medical School","Tram Nguyen <Tram_Nguyen@hms.harvard.edu>","Character","FilePath","ProteinGymR/YAP1_HUMAN.pdb"
"Protein structure for YNZC_BACSU","AlphaFold2 predicted protein structure for YNZC_BACSU from ProteinGym v1.2 curated by Notin et al. 2023","3.21",NA,"PDB","https://zenodo.org/records/14997691",1.2,NA,NA,TRUE,"Marks Lab at Harvard Medical School","Tram Nguyen <Tram_Nguyen@hms.harvard.edu>","Character","FilePath","ProteinGymR/YNZC_BACSU.pdb"
